-- phpMyAdmin SQL Dump
-- version 5.2.1
-- https://www.phpmyadmin.net/
--
-- Host: localhost
-- Generation Time: Apr 18, 2025 at 02:16 PM
-- Server version: 10.4.28-MariaDB
-- PHP Version: 8.2.4

SET SQL_MODE = "NO_AUTO_VALUE_ON_ZERO";
START TRANSACTION;
SET time_zone = "+00:00";


/*!40101 SET @OLD_CHARACTER_SET_CLIENT=@@CHARACTER_SET_CLIENT */;
/*!40101 SET @OLD_CHARACTER_SET_RESULTS=@@CHARACTER_SET_RESULTS */;
/*!40101 SET @OLD_COLLATION_CONNECTION=@@COLLATION_CONNECTION */;
/*!40101 SET NAMES utf8mb4 */;

--
-- Database: `project_final`
--

-- --------------------------------------------------------

--
-- Table structure for table `activities`
--

CREATE TABLE `activities` (
  `id` int(11) NOT NULL,
  `image` varchar(255) NOT NULL,
  `name` varchar(255) NOT NULL,
  `location` varchar(255) NOT NULL,
  `details` text NOT NULL,
  `max_hours` int(11) NOT NULL,
  `hours` int(11) NOT NULL,
  `status` varchar(50) NOT NULL
) ENGINE=InnoDB DEFAULT CHARSET=utf8mb4 COLLATE=utf8mb4_unicode_ci;

--
-- Dumping data for table `activities`
--

INSERT INTO `activities` (`id`, `image`, `name`, `location`, `details`, `max_hours`, `hours`, `status`) VALUES
(1, '', 'เกี่ยวกับ การบริจาคร่างกาย', '', '', 9, 0, ''),
(2, '', 'เกี่ยวกับ ทำความสะอาด', '', '', 4, 0, ''),
(3, '', 'เกี่ยวกับ การให้ความรู้', '', '', 4, 0, ''),
(4, '', 'เกี่ยวกับ การบริจาคสิ่งของภายนอกมหาวิทยาลัย', '', '', 4, 0, ''),
(5, '', 'เกี่ยวกับ การดูแล', '', '', 6, 0, ''),
(6, '', 'เกี่ยวกับ อาสาสมัคร (เฉพาะผู้มีบัตรจิตอาสา)', '', '', 18, 0, ''),
(7, '', 'เกี่ยวกับ งานหน่วยงานภายในมหาวิทยาลัย', '', '', 18, 0, ''),
(8, '', 'เกี่ยวกับ การออมเงิน กอช.', '', '', 5, 0, ''),
(9, '', 'เกี่ยวกับ สิ่งแวดล้อม', '', '', 4, 0, ''),
(10, '', 'เกี่ยวกับ หน่วยงานภายนอก', '', '', 8, 0, ''),
(11, '', 'เกี่ยวกับ e-learning', '', '', 18, 0, ''),
(12, '', 'เกี่ยวกับ ช่วยสร้างขาเทียมช่วยผู้พิการ', '', '', 18, 0, ''),
(13, '', 'เกี่ยวกับ ขอขวดเป็นของขวัญ', '', '', 18, 0, ''),
(14, '', 'เกี่ยวกับ รู้รักสามัคคี รักษ์สิ่งแวดล้อม พัฒนาคุณภาพชีวิต', '', '', 4, 0, ''),
(15, '', 'เกี่ยวกับ ความมั่นคง', '', '', 8, 0, ''),
(16, '', 'เกี่ยวกับ กิจกรรม 100 ปี กาชาด', '', '', 6, 0, ''),
(17, '', 'เกี่ยวกับ งานรับปริญญา', '', '', 18, 0, ''),
(18, '', 'เกี่ยวกับ Music Interventions for Enhancing Children Development', '', '', 3, 0, ''),
(19, '', 'เกี่ยวกับ มหกรรมกีฬา สุขภาพดี วิถีไทย', '', '', 8, 0, ''),
(20, '', 'เกี่ยวกับ สถาปนิก 67', '', '', 18, 0, ''),
(21, '', 'เกี่ยวกับ วันพยาบาลสากลและวันงดสูบบุหรี่โลก', '', '', 6, 0, ''),
(22, '', 'เกี่ยวกับ ลอยกระทง', '', '', 18, 0, '');

-- --------------------------------------------------------

--
-- Table structure for table `admins`
--

CREATE TABLE `admins` (
  `admin_id` int(10) NOT NULL,
  `username` varchar(255) NOT NULL,
  `admin_email` varchar(255) NOT NULL,
  `password` varchar(255) NOT NULL
) ENGINE=InnoDB DEFAULT CHARSET=utf8mb4 COLLATE=utf8mb4_unicode_ci;

--
-- Dumping data for table `admins`
--

INSERT INTO `admins` (`admin_id`, `username`, `admin_email`, `password`) VALUES
(0, 'DevBabe', 'moombabe24468@gmail.com', '$2y$10$Flaqw9CP7eEdftYYoLS/selUAHTJvuCUe.Vg4GszNxMFfutlkvspi');

-- --------------------------------------------------------

--
-- Table structure for table `department`
--

CREATE TABLE `department` (
  `department_id` int(11) NOT NULL,
  `department_name` varchar(255) NOT NULL,
  `faculty_id` int(11) NOT NULL
) ENGINE=InnoDB DEFAULT CHARSET=utf8mb4 COLLATE=utf8mb4_unicode_ci COMMENT='สาขา';

--
-- Dumping data for table `department`
--

INSERT INTO `department` (`department_id`, `department_name`, `faculty_id`) VALUES
(1, 'วิศวกรรมคอมพิวเตอร์', 1),
(2, 'วิศวกรรมเครื่องกล', 1),
(3, 'วิทยาการคอมพิวเตอร์', 2);

-- --------------------------------------------------------

--
-- Table structure for table `endorsee`
--

CREATE TABLE `endorsee` (
  `endorser_id` varchar(13) NOT NULL,
  `full_name` varchar(255) NOT NULL,
  `address` varchar(255) NOT NULL,
  `phone_number` varchar(10) NOT NULL
) ENGINE=InnoDB DEFAULT CHARSET=utf8mb4 COLLATE=utf8mb4_unicode_ci COMMENT='ผู้รับรองรายได้ครอบครัว';

--
-- Dumping data for table `endorsee`
--

INSERT INTO `endorsee` (`endorser_id`, `full_name`, `address`, `phone_number`) VALUES
('1', 'นายสมชาย ใจดี', '123 หมู่ 4 ตำบลทดสอบ อำเภอเมือง จังหวัดกรุงเทพ', '0812345678'),
('2', 'นางสาวสมหญิง รักเรียน', '456 หมู่ 8 ตำบลทดสอบ อำเภอเมือง จังหวัดเชียงใหม่', '0898765432'),
('3', 'นายวิทยา เก่งงาน', '789 หมู่ 5 ตำบลทดสอบ อำเภอเมือง จังหวัดขอนแก่น', '0865432198');

-- --------------------------------------------------------

--
-- Table structure for table `faculty`
--

CREATE TABLE `faculty` (
  `faculty_id` int(11) NOT NULL,
  `faculty_name` varchar(255) NOT NULL
) ENGINE=InnoDB DEFAULT CHARSET=utf8mb4 COLLATE=utf8mb4_unicode_ci COMMENT='คณะ';

--
-- Dumping data for table `faculty`
--

INSERT INTO `faculty` (`faculty_id`, `faculty_name`) VALUES
(1, 'คณะวิศวกรรมศาสตร์'),
(2, 'คณะวิทยาศาสตร์');

-- --------------------------------------------------------

--
-- Table structure for table `father`
--

CREATE TABLE `father` (
  `father_id` varchar(13) NOT NULL,
  `father_name` varchar(255) NOT NULL COMMENT 'ชื่อ',
  `father_last_name` varchar(255) NOT NULL COMMENT 'นามสกุล',
  `father_occupation` varchar(255) NOT NULL,
  `father_address` varchar(255) NOT NULL,
  `father_income` decimal(10,2) NOT NULL,
  `father_phone_number` varchar(10) NOT NULL,
  `father_education_level` varchar(255) NOT NULL,
  `father_school_name` varchar(255) NOT NULL
) ENGINE=InnoDB DEFAULT CHARSET=utf8mb4 COLLATE=utf8mb4_unicode_ci;

--
-- Dumping data for table `father`
--

INSERT INTO `father` (`father_id`, `father_name`, `father_last_name`, `father_occupation`, `father_address`, `father_income`, `father_phone_number`, `father_education_level`, `father_school_name`) VALUES
('F123', 'สมชาย', 'ใจดี', 'พนักงานบริษัท', '123 หมู่ 4 ตำบลทดสอบ อำเภอเมือง จังหวัดกรุงเทพ', 25000.00, '0812345678', 'ปริญญาตรี', 'มหาวิทยาลัย A'),
('F234', 'อนันต์', 'สุขสันต์', 'ค้าขาย', '456 หมู่ 8 ตำบลทดสอบ อำเภอเมือง จังหวัดเชียงใหม่', 18000.00, '0898765432', 'มัธยมปลาย', 'โรงเรียน B'),
('F345', 'วัฒนา', 'พงษ์สวัสดิ์', 'รับราชการ', '789 หมู่ 5 ตำบลทดสอบ อำเภอเมือง จังหวัดขอนแก่น', 30000.00, '0865432198', 'ปริญญาโท', 'มหาวิทยาลัย C');

-- --------------------------------------------------------

--
-- Table structure for table `guardian`
--

CREATE TABLE `guardian` (
  `guardian_id` varchar(13) NOT NULL,
  `f_name` varchar(255) NOT NULL COMMENT 'ชื่อ',
  `l_name` varchar(255) NOT NULL COMMENT 'นามสกุล',
  `occupation` varchar(255) NOT NULL,
  `address` varchar(255) NOT NULL,
  `income` decimal(10,2) NOT NULL,
  `phone_number` varchar(10) NOT NULL,
  `education_level` varchar(255) NOT NULL,
  `school_name` varchar(255) NOT NULL
) ENGINE=InnoDB DEFAULT CHARSET=utf8mb4 COLLATE=utf8mb4_unicode_ci COMMENT='ผู้ปกครอง';

--
-- Dumping data for table `guardian`
--

INSERT INTO `guardian` (`guardian_id`, `f_name`, `l_name`, `occupation`, `address`, `income`, `phone_number`, `education_level`, `school_name`) VALUES
('G123', 'สมศักดิ์', 'ทองดี', 'รับราชการ', '123 หมู่ 4 ตำบลทดสอบ อำเภอเมือง จังหวัดกรุงเทพ', 35000.00, '0812345678', 'ปริญญาตรี', 'มหาวิทยาลัย A'),
('G234', 'วิชัย', 'สุขใจ', 'เกษตรกร', '456 หมู่ 8 ตำบลทดสอบ อำเภอเมือง จังหวัดเชียงใหม่', 20000.00, '0898765432', 'มัธยมปลาย', 'โรงเรียน B'),
('G345', 'สมหมาย', 'พงษ์เพียร', 'ค้าขาย', '789 หมู่ 5 ตำบลทดสอบ อำเภอเมือง จังหวัดขอนแก่น', 25000.00, '0865432198', 'ปริญญาโท', 'มหาวิทยาลัย C');

-- --------------------------------------------------------

--
-- Table structure for table `money`
--

CREATE TABLE `money` (
  `contract_id` int(11) NOT NULL,
  `academic_year` int(11) NOT NULL,
  `amount` decimal(10,2) NOT NULL
) ENGINE=InnoDB DEFAULT CHARSET=utf8mb4 COLLATE=utf8mb4_unicode_ci COMMENT='จำนวนเงิน';

--
-- Dumping data for table `money`
--

INSERT INTO `money` (`contract_id`, `academic_year`, `amount`) VALUES
(1, 2023, 50000.00),
(2, 2024, 60000.00),
(3, 2025, 70000.00);

-- --------------------------------------------------------

--
-- Table structure for table `mother`
--

CREATE TABLE `mother` (
  `mother_id` varchar(13) NOT NULL,
  `mother_name` varchar(255) NOT NULL COMMENT 'ชื่อ',
  `mother_last_name` varchar(255) NOT NULL COMMENT 'นามสกุล',
  `mother_occupation` varchar(255) NOT NULL,
  `mother_address` varchar(255) NOT NULL,
  `mother_income` decimal(10,2) NOT NULL,
  `mother_phone_number` varchar(10) NOT NULL,
  `mother_education_level` varchar(255) NOT NULL,
  `mother_school_name` varchar(255) NOT NULL
) ENGINE=InnoDB DEFAULT CHARSET=utf8mb4 COLLATE=utf8mb4_unicode_ci;

--
-- Dumping data for table `mother`
--

INSERT INTO `mother` (`mother_id`, `mother_name`, `mother_last_name`, `mother_occupation`, `mother_address`, `mother_income`, `mother_phone_number`, `mother_education_level`, `mother_school_name`) VALUES
('M456', 'สมฤดี', 'ใจดี', 'พนักงานบริษัท', '500 หมู่ 7 ตำบลทดสอบ อำเภอเมือง จังหวัดเชียงใหม่', 35000.00, '0845556664', 'ปริญญาตรี', 'มหาวิทยาลัย GHJ'),
('M567', 'วรรณา', 'สุขสันต์', 'แพทย์', '600 หมู่ 8 ตำบลทดสอบ อำเภอเมือง จังหวัดนครราชสีมา', 70000.00, '0854445553', 'ปริญญาโท', 'มหาวิทยาลัย KLM'),
('M678', 'สุภาวดี', 'พงษ์สวัสดิ์', 'อาจารย์', '700 หมู่ 9 ตำบลทดสอบ อำเภอเมือง จังหวัดขอนแก่น', 45000.00, '0863334442', 'ปริญญาเอก', 'มหาวิทยาลัย NOP');

-- --------------------------------------------------------

--
-- Table structure for table `new_user_activities`
--

CREATE TABLE `new_user_activities` (
  `id` int(11) NOT NULL,
  `activity_name` varchar(255) NOT NULL,
  `location` varchar(255) DEFAULT NULL,
  `details` text DEFAULT NULL,
  `image_path` varchar(255) DEFAULT NULL,
  `hours` int(11) NOT NULL,
  `created_at` timestamp NOT NULL DEFAULT current_timestamp(),
  `student_id` varchar(13) NOT NULL
) ENGINE=InnoDB DEFAULT CHARSET=utf8mb4 COLLATE=utf8mb4_unicode_ci;

--
-- Dumping data for table `new_user_activities`
--

INSERT INTO `new_user_activities` (`id`, `activity_name`, `location`, `details`, `image_path`, `hours`, `created_at`, `student_id`) VALUES
(15, 'เกี่ยวกับ การบริจาคร่างกาย', 'สถาบันการแพทย์จักรีนฤบดินทร์', 'บริจาคดวงตา', '../uploads/ER DIAGRAM_page-0001.jpg', 8, '2025-03-19 04:59:33', '1103703175319'),
(16, 'เกี่ยวกับ การบริจาคร่างกาย', 'เดอะมอลล์ไลฟ์สโตร์งามวงศ์วาน\n(ชั้น5โซนศูนย์ราชการ)', 'บริจาคเลือด', '../uploads/messageImage_1670308402138.jpg', 8, '2025-03-19 05:04:41', '1103703175319'),
(17, 'เกี่ยวกับ การบริจาคร่างกาย', 'ภาคบริการโลหิตแห่งชาติที่ 6 จ.ขอนแก่น', 'บริจาคเลือด', '../uploads/line_oa_chat_221129_173000.jpg', 8, '2025-03-19 05:10:22', '1103703175319'),
(18, 'เกี่ยวกับ การบริจาคร่างกาย', 'รพ.นมิตรี หน่วยที่2', 'บริจาคเลือด', '../uploads/messageImage_1670308402138.jpg', 8, '2025-03-19 05:57:42', '1103703175319');

-- --------------------------------------------------------

--
-- Table structure for table `pact`
--

CREATE TABLE `pact` (
  `contract_id` int(11) NOT NULL,
  `contract_date` datetime NOT NULL,
  `loan_limit` decimal(10,2) NOT NULL,
  `student_id` varchar(13) NOT NULL,
  `officer_id` varchar(13) NOT NULL,
  `academic_year` varchar(255) NOT NULL
) ENGINE=InnoDB DEFAULT CHARSET=utf8mb4 COLLATE=utf8mb4_unicode_ci COMMENT='สัญญากู้ยืม';

--
-- Dumping data for table `pact`
--

INSERT INTO `pact` (`contract_id`, `contract_date`, `loan_limit`, `student_id`, `officer_id`, `academic_year`) VALUES
(1, '2023-01-15 00:00:00', 100000.00, '1234567890123', '1', '2023'),
(2, '2024-02-10 00:00:00', 120000.00, '2345678901234', '2', '2024'),
(3, '2025-03-05 00:00:00', 150000.00, '3456789012345', '3', '2025');

-- --------------------------------------------------------

--
-- Table structure for table `sibling`
--

CREATE TABLE `sibling` (
  `full_name` varchar(255) NOT NULL,
  `age` int(11) NOT NULL,
  `total_siblings` int(11) NOT NULL,
  `current_year` varchar(255) NOT NULL,
  `school_name` varchar(255) NOT NULL,
  `gender` varchar(20) NOT NULL,
  `workplace` varchar(255) NOT NULL,
  `income` decimal(10,2) NOT NULL,
  `education_level` varchar(255) NOT NULL,
  `student_id` varchar(13) NOT NULL
) ENGINE=InnoDB DEFAULT CHARSET=utf8mb4 COLLATE=utf8mb4_unicode_ci COMMENT='ข้อมูลพี่น้อง';

--
-- Dumping data for table `sibling`
--

INSERT INTO `sibling` (`full_name`, `age`, `total_siblings`, `current_year`, `school_name`, `gender`, `workplace`, `income`, `education_level`, `student_id`) VALUES
('สมชาย ใจดี', 15, 3, '9', 'โรงเรียนมัธยม A', 'ชาย', '', 0.00, 'มัธยมศึกษาตอนต้น', '1234567890123'),
('สมหญิง ใจดี', 18, 3, '12', 'โรงเรียนมัธยม B', 'หญิง', '', 0.00, 'มัธยมศึกษาตอนปลาย', '1234567890123'),
('สมปอง ขยันเรียน', 22, 2, '', '', 'ชาย', 'บริษัท XYZ', 20000.00, 'ปริญญาตรี', '2345678901234');

-- --------------------------------------------------------

--
-- Table structure for table `spouse`
--

CREATE TABLE `spouse` (
  `spouse_id` varchar(13) NOT NULL,
  `full_name` varchar(255) NOT NULL,
  `occupation` varchar(255) NOT NULL,
  `address` varchar(255) NOT NULL,
  `income` decimal(10,2) NOT NULL,
  `phone_number` varchar(10) NOT NULL,
  `education_level` varchar(255) NOT NULL,
  `school_name` varchar(255) NOT NULL
) ENGINE=InnoDB DEFAULT CHARSET=utf8mb4 COLLATE=utf8mb4_unicode_ci COMMENT='ข้อมูลคู่สมรส';

--
-- Dumping data for table `spouse`
--

INSERT INTO `spouse` (`spouse_id`, `full_name`, `occupation`, `address`, `income`, `phone_number`, `education_level`, `school_name`) VALUES
('S001', 'สมศรี ใจดี', 'พนักงานบริษัท', '456 ถนนรัชดา กรุงเทพฯ', 30000.00, '0812345678', 'ปริญญาตรี', 'มหาวิทยาลัย A'),
('S002', 'สมหมาย แสนดี', 'ข้าราชการ', '789 ถนนลาดพร้าว กรุงเทพฯ', 40000.00, '0898765432', 'ปริญญาโท', 'มหาวิทยาลัย B'),
('S003', 'สมปอง รักเรียน', 'เจ้าของธุรกิจ', '123 ถนนสีลม กรุงเทพฯ', 50000.00, '0876543210', 'ปริญญาตรี', 'มหาวิทยาลัย C');

-- --------------------------------------------------------

--
-- Table structure for table `status`
--

CREATE TABLE `status` (
  `family_status_id` varchar(255) NOT NULL,
  `status_description` varchar(255) NOT NULL
) ENGINE=InnoDB DEFAULT CHARSET=utf8mb4 COLLATE=utf8mb4_unicode_ci COMMENT='สถานภาพครอบครัว';

--
-- Dumping data for table `status`
--

INSERT INTO `status` (`family_status_id`, `status_description`) VALUES
('1', 'โสด'),
('2', 'แต่งงานแล้ว');

-- --------------------------------------------------------

--
-- Table structure for table `student`
--

CREATE TABLE `student` (
  `student_id` varchar(13) NOT NULL,
  `student_code` varchar(13) NOT NULL,
  `password` varchar(255) NOT NULL COMMENT 'รหัสผ่าน',
  `f_name` varchar(255) NOT NULL COMMENT 'ชื่อ',
  `l_name` varchar(255) NOT NULL COMMENT 'นามสกุล',
  `address` varchar(255) NOT NULL,
  `phone_number` varchar(10) NOT NULL,
  `phone_number_home` varchar(13) NOT NULL,
  `email` varchar(255) NOT NULL,
  `profile_image` longtext DEFAULT NULL,
  `spouse_id` varchar(13) DEFAULT NULL,
  `father_id` varchar(13) DEFAULT NULL,
  `mother_id` varchar(13) DEFAULT NULL,
  `guardian_id` varchar(13) DEFAULT NULL,
  `endorser_id` varchar(13) DEFAULT NULL,
  `department_id` int(11) DEFAULT NULL,
  `family_status_id` varchar(255) DEFAULT NULL,
  `family_status` varchar(150) NOT NULL
) ENGINE=InnoDB DEFAULT CHARSET=utf8mb4 COLLATE=utf8mb4_unicode_ci COMMENT='นักศึกษา';

--
-- Dumping data for table `student`
--

INSERT INTO `student` (`student_id`, `student_code`, `password`, `f_name`, `l_name`, `address`, `phone_number`, `phone_number_home`, `email`, `profile_image`, `spouse_id`, `father_id`, `mother_id`, `guardian_id`, `endorser_id`, `department_id`, `family_status_id`, `family_status`) VALUES
('1103703175319', '2147483647', '$2y$10$u375e576k43MwqcDoUzKm.rstwA4DXKmoboxAeWVZuGZrul5q5Fty', 'ไตรสิทธิ์', 'วรกิตต์ทองอู๋', 'ที่อยู่: 60 ถ. ร่มเกล้า แขวงมีนบุรี เขตมีนบุรี กรุงเทพมหานคร 10510', '0989925145', '024884708', 'babe@gmail.com', NULL, 'S002', 'F345', 'M567', 'G123', '2', 2415, '2', 'สมรส'),
('1111111111111', '2233445566', '11223344', 'สมหมาย', 'สูงสุด', '99/22. บ้านต้น กรุงเทพ', '0989898989', '0121212121', 'Ton2213@gmail.com', NULL, NULL, NULL, NULL, NULL, NULL, NULL, '2', 'สมรส'),
('1234567890123', '1234567890', '1234', '', '', '', '1234567890', '', 'test@gmail.com', NULL, NULL, NULL, NULL, NULL, NULL, NULL, NULL, ''),
('1234567890124', '1001', 'password124', 'สมชาย', 'โลภมาก', '123 ถนนสุขุมวิท กรุงเทพฯ', '0812345678', '', 'somchai@email.com', NULL, NULL, NULL, NULL, NULL, NULL, NULL, '1', ''),
('1619400005271', '', '$2y$10$OdMMGVcNZj51LhCv/BBn0.hRj93ayu.lkU48m69MPH9b.tQyz6zdO', 'นิฌา', 'ภุมรินทร์', '', '0813194772', '', 'pummarin2003@gmail.com', NULL, NULL, NULL, NULL, NULL, NULL, NULL, NULL, ''),
('2345678901234', '1002', 'password234', 'สมหญิง', 'สบายใจ', '456 ถนนพหลโยธิน กรุงเทพฯ', '0898765432', '', 'somying@email.com', NULL, NULL, NULL, NULL, NULL, NULL, NULL, '2', ''),
('3456789012345', '1003', 'password345', 'สมศักดิ์', 'สุดยอด', '789 ถนนพลโยธิน กรุงเทพฯ', '0876543210', '', 'anan@email.com', NULL, NULL, NULL, NULL, NULL, NULL, NULL, '1', '');

-- --------------------------------------------------------

--
-- Table structure for table `teacher`
--

CREATE TABLE `teacher` (
  `officer_id` varchar(13) NOT NULL,
  `password` varchar(255) NOT NULL COMMENT 'รหัสผ่าน',
  `f_name` varchar(255) NOT NULL COMMENT 'ชื่อ',
  `l_name` varchar(255) NOT NULL COMMENT 'นามสกุล',
  `campus` varchar(255) NOT NULL,
  `room_number` varchar(10) NOT NULL,
  `position` varchar(255) NOT NULL,
  `profile_image` longtext DEFAULT NULL
) ENGINE=InnoDB DEFAULT CHARSET=utf8mb4 COLLATE=utf8mb4_unicode_ci COMMENT='อาจารย์';

--
-- Dumping data for table `teacher`
--

INSERT INTO `teacher` (`officer_id`, `password`, `f_name`, `l_name`, `campus`, `room_number`, `position`, `profile_image`) VALUES
('1', 'pass123', 'สมชาย', 'วิทยา', 'Main Campus', '101', 'อาจารย์', NULL),
('2', 'pass234', 'สมหญิง', 'ศึกษา', 'City Campus', '202', 'อาจารย์', NULL),
('3', 'pass345', 'อนันต์', 'ครูดี', 'Science Campus', '303', 'หัวหน้าแผนก', NULL);

-- --------------------------------------------------------

--
-- Table structure for table `user_activities`
--

CREATE TABLE `user_activities` (
  `id` int(11) NOT NULL,
  `username` varchar(255) NOT NULL,
  `activity_id` int(11) NOT NULL,
  `activity_name` varchar(255) NOT NULL,
  `max_hours` int(11) NOT NULL,
  `created_at` timestamp NOT NULL DEFAULT current_timestamp()
) ENGINE=InnoDB DEFAULT CHARSET=utf8mb4 COLLATE=utf8mb4_unicode_ci;

--
-- Dumping data for table `user_activities`
--

INSERT INTO `user_activities` (`id`, `username`, `activity_id`, `activity_name`, `max_hours`, `created_at`) VALUES
(47, '1103703175319', 3, 'เกี่ยวกับ การให้ความรู้', 4, '2025-03-25 11:04:18'),
(48, '1103703175319', 4, 'เกี่ยวกับ การบริจาคสิ่งของภายนอกมหาวิทยาลัย', 4, '2025-03-25 11:26:24'),
(49, '1103703175319', 8, 'เกี่ยวกับ การออมเงิน กอช.', 5, '2025-03-25 11:27:02'),
(50, '1103703175319', 1, 'เกี่ยวกับ การบริจาคร่างกาย', 9, '2025-03-25 11:32:41'),
(51, '1103703175319', 1, 'เกี่ยวกับ การบริจาคร่างกาย', 9, '2025-03-25 11:32:43'),
(52, '1103703175319', 9, 'เกี่ยวกับ สิ่งแวดล้อม', 4, '2025-03-25 11:34:11');

-- --------------------------------------------------------

--
-- Table structure for table `volunteer`
--

CREATE TABLE `volunteer` (
  `certifier_name` varchar(255) NOT NULL,
  `location` varchar(255) NOT NULL,
  `province` varchar(255) NOT NULL,
  `profile_image` longtext DEFAULT NULL,
  `activity_name` varchar(255) DEFAULT NULL,
  `activity_date` date DEFAULT NULL,
  `student_id` varchar(13) DEFAULT NULL
) ENGINE=InnoDB DEFAULT CHARSET=utf8mb4 COLLATE=utf8mb4_unicode_ci COMMENT='ข้อมูลจิตอาสา';

--
-- Dumping data for table `volunteer`
--

INSERT INTO `volunteer` (`certifier_name`, `location`, `province`, `profile_image`, `activity_name`, `activity_date`, `student_id`) VALUES
('กยศ.', 'โรงเรียนบ้านดอน', 'กรุงเทพฯ', NULL, 'ปลูกป่าเพื่ออนุรักษ์ธรรมชาติ', '2024-02-21', '1234567890123'),
('กยศ.', 'มหาวิทยาลัยเชียงใหม่', 'เชียงใหม่', NULL, 'บริจาคอุปกรณ์การเรียน', '2024-02-22', '1234567890456'),
('กยศ.', 'โรงเรียนบ้านนา', 'นครราชสีมา', NULL, 'ช่วยเหลือผู้ประสบภัยน้ำท่วม', '2024-02-23', '1234567890789');

-- --------------------------------------------------------

--
-- Table structure for table `year`
--

CREATE TABLE `year` (
  `academic_year` int(11) NOT NULL,
  `data_start` datetime NOT NULL COMMENT 'วันที่เริ่ม',
  `data_end` datetime NOT NULL COMMENT 'วันที่สิ้นสุด'
) ENGINE=InnoDB DEFAULT CHARSET=utf8mb4 COLLATE=utf8mb4_unicode_ci COMMENT='ปีการศึกษา';

--
-- Dumping data for table `year`
--

INSERT INTO `year` (`academic_year`, `data_start`, `data_end`) VALUES
(2023, '2023-01-01 00:00:00', '2023-12-31 23:59:59'),
(2024, '2024-01-01 00:00:00', '2024-12-31 23:59:59'),
(2025, '2025-01-01 00:00:00', '2025-12-31 23:59:59');

--
-- Indexes for dumped tables
--

--
-- Indexes for table `activities`
--
ALTER TABLE `activities`
  ADD PRIMARY KEY (`id`);

--
-- Indexes for table `department`
--
ALTER TABLE `department`
  ADD PRIMARY KEY (`department_id`),
  ADD KEY `department_ibfk_1` (`faculty_id`);

--
-- Indexes for table `endorsee`
--
ALTER TABLE `endorsee`
  ADD PRIMARY KEY (`endorser_id`);

--
-- Indexes for table `faculty`
--
ALTER TABLE `faculty`
  ADD PRIMARY KEY (`faculty_id`);

--
-- Indexes for table `father`
--
ALTER TABLE `father`
  ADD PRIMARY KEY (`father_id`);

--
-- Indexes for table `guardian`
--
ALTER TABLE `guardian`
  ADD PRIMARY KEY (`guardian_id`);

--
-- Indexes for table `money`
--
ALTER TABLE `money`
  ADD PRIMARY KEY (`contract_id`,`academic_year`);

--
-- Indexes for table `mother`
--
ALTER TABLE `mother`
  ADD PRIMARY KEY (`mother_id`);

--
-- Indexes for table `new_user_activities`
--
ALTER TABLE `new_user_activities`
  ADD PRIMARY KEY (`id`),
  ADD KEY `new_user_activities_ibfk_1` (`student_id`);

--
-- Indexes for table `pact`
--
ALTER TABLE `pact`
  ADD PRIMARY KEY (`contract_id`),
  ADD KEY `student_id` (`student_id`),
  ADD KEY `officer_id` (`officer_id`);

--
-- Indexes for table `sibling`
--
ALTER TABLE `sibling`
  ADD KEY `student_id` (`student_id`);

--
-- Indexes for table `spouse`
--
ALTER TABLE `spouse`
  ADD PRIMARY KEY (`spouse_id`);

--
-- Indexes for table `status`
--
ALTER TABLE `status`
  ADD PRIMARY KEY (`family_status_id`);

--
-- Indexes for table `student`
--
ALTER TABLE `student`
  ADD PRIMARY KEY (`student_id`),
  ADD UNIQUE KEY `student_code` (`student_code`),
  ADD KEY `family_status_id` (`family_status_id`),
  ADD KEY `father_id` (`father_id`),
  ADD KEY `mother_id` (`mother_id`),
  ADD KEY `guardian_id` (`guardian_id`),
  ADD KEY `spouse_id` (`spouse_id`),
  ADD KEY `endorser_id` (`endorser_id`);

--
-- Indexes for table `teacher`
--
ALTER TABLE `teacher`
  ADD PRIMARY KEY (`officer_id`);

--
-- Indexes for table `user_activities`
--
ALTER TABLE `user_activities`
  ADD PRIMARY KEY (`id`);

--
-- Indexes for table `year`
--
ALTER TABLE `year`
  ADD PRIMARY KEY (`academic_year`);

--
-- AUTO_INCREMENT for dumped tables
--

--
-- AUTO_INCREMENT for table `activities`
--
ALTER TABLE `activities`
  MODIFY `id` int(11) NOT NULL AUTO_INCREMENT, AUTO_INCREMENT=23;

--
-- AUTO_INCREMENT for table `department`
--
ALTER TABLE `department`
  MODIFY `department_id` int(11) NOT NULL AUTO_INCREMENT, AUTO_INCREMENT=38;

--
-- AUTO_INCREMENT for table `faculty`
--
ALTER TABLE `faculty`
  MODIFY `faculty_id` int(11) NOT NULL AUTO_INCREMENT, AUTO_INCREMENT=16;

--
-- AUTO_INCREMENT for table `new_user_activities`
--
ALTER TABLE `new_user_activities`
  MODIFY `id` int(11) NOT NULL AUTO_INCREMENT, AUTO_INCREMENT=19;

--
-- AUTO_INCREMENT for table `pact`
--
ALTER TABLE `pact`
  MODIFY `contract_id` int(11) NOT NULL AUTO_INCREMENT, AUTO_INCREMENT=4;

--
-- AUTO_INCREMENT for table `user_activities`
--
ALTER TABLE `user_activities`
  MODIFY `id` int(11) NOT NULL AUTO_INCREMENT, AUTO_INCREMENT=53;

--
-- Constraints for dumped tables
--

--
-- Constraints for table `department`
--
ALTER TABLE `department`
  ADD CONSTRAINT `department_ibfk_1` FOREIGN KEY (`faculty_id`) REFERENCES `faculty` (`faculty_id`);

--
-- Constraints for table `money`
--
ALTER TABLE `money`
  ADD CONSTRAINT `money_ibfk_1` FOREIGN KEY (`contract_id`) REFERENCES `pact` (`contract_id`);

--
-- Constraints for table `new_user_activities`
--
ALTER TABLE `new_user_activities`
  ADD CONSTRAINT `new_user_activities_ibfk_1` FOREIGN KEY (`student_id`) REFERENCES `student` (`student_id`);

--
-- Constraints for table `pact`
--
ALTER TABLE `pact`
  ADD CONSTRAINT `pact_ibfk_1` FOREIGN KEY (`student_id`) REFERENCES `student` (`student_id`),
  ADD CONSTRAINT `pact_ibfk_2` FOREIGN KEY (`officer_id`) REFERENCES `teacher` (`officer_id`);

--
-- Constraints for table `sibling`
--
ALTER TABLE `sibling`
  ADD CONSTRAINT `sibling_ibfk_1` FOREIGN KEY (`student_id`) REFERENCES `student` (`student_id`);

--
-- Constraints for table `student`
--
ALTER TABLE `student`
  ADD CONSTRAINT `student_ibfk_1` FOREIGN KEY (`family_status_id`) REFERENCES `status` (`family_status_id`),
  ADD CONSTRAINT `student_ibfk_2` FOREIGN KEY (`father_id`) REFERENCES `father` (`father_id`),
  ADD CONSTRAINT `student_ibfk_3` FOREIGN KEY (`mother_id`) REFERENCES `mother` (`mother_id`),
  ADD CONSTRAINT `student_ibfk_4` FOREIGN KEY (`guardian_id`) REFERENCES `guardian` (`guardian_id`),
  ADD CONSTRAINT `student_ibfk_5` FOREIGN KEY (`spouse_id`) REFERENCES `spouse` (`spouse_id`),
  ADD CONSTRAINT `student_ibfk_6` FOREIGN KEY (`endorser_id`) REFERENCES `endorsee` (`endorser_id`);
COMMIT;

/*!40101 SET CHARACTER_SET_CLIENT=@OLD_CHARACTER_SET_CLIENT */;
/*!40101 SET CHARACTER_SET_RESULTS=@OLD_CHARACTER_SET_RESULTS */;
/*!40101 SET COLLATION_CONNECTION=@OLD_COLLATION_CONNECTION */;
